{"x":[0,0.030303030303030304,0.06060606060606061,0.09090909090909091,0.12121212121212122,0.15151515151515152,0.18181818181818182,0.21212121212121213,0.24242424242424243,0.2727272727272727,0.30303030303030304,0.33333333333333337,0.36363636363636365,0.3939393939393939,0.42424242424242425,0.4545454545454546,0.48484848484848486,0.5151515151515151,0.5454545454545454,0.5757575757575758,0.6060606060606061,0.6363636363636364,0.6666666666666667,0.696969696969697,0.7272727272727273,0.7575757575757576,0.7878787878787878,0.8181818181818182,0.8484848484848485,0.8787878787878788,0.9090909090909092,0.9393939393939394,0.9696969696969697,1,1.0303030303030303,1.0606060606060606,1.0909090909090908,1.1212121212121213,1.1515151515151516,1.1818181818181819,1.2121212121212122,1.2424242424242424,1.2727272727272727,1.303030303030303,1.3333333333333335,1.3636363636363638,1.393939393939394,1.4242424242424243,1.4545454545454546,1.4848484848484849,1.5151515151515151,1.5454545454545454,1.5757575757575757,1.6060606060606062,1.6363636363636365,1.6666666666666667,1.696969696969697,1.7272727272727273,1.7575757575757576,1.7878787878787878,1.8181818181818183,1.8484848484848486,1.878787878787879,1.9090909090909092,1.9393939393939394,1.9696969696969697,2,2.0303030303030303,2.0606060606060606,2.090909090909091,2.121212121212121,2.1515151515151514,2.1818181818181817,2.2121212121212124,2.2424242424242427,2.272727272727273,2.303030303030303,2.3333333333333335,2.3636363636363638,2.393939393939394,2.4242424242424243,2.4545454545454546,2.484848484848485,2.515151515151515,2.5454545454545454,2.5757575757575757,2.606060606060606,2.6363636363636362,2.666666666666667,2.6969696969696972,2.7272727272727275,2.757575757575758,2.787878787878788,2.8181818181818183,2.8484848484848486,2.878787878787879,2.909090909090909,2.9393939393939394,2.9696969696969697,3],"y":[0.9774756130274531,0.9749264137666374,0.9142710853986418,0.896146167336705,0.8321977656800026,0.8459980408201475,0.8136160636296482,0.7684639534196758,0.7518454114387809,0.7040756499277034,0.6886964045497455,0.6685177394834565,0.6396701088442209,0.5974909038431259,0.5700258191900545,0.5660249764013382,0.5081644941847707,0.5193306846871306,0.5094335030781616,0.4639143333268958,0.4619202414265993,0.42337738663828395,0.43511524978590227,0.39141652930311155,0.3918800982983246,0.3637779424566064,0.3707698747339382,0.3451430503020662,0.35438958562177647,0.34058794444638346,0.3009383854807738,0.3174290097201208,0.2785491016820144,0.27424477159600613,0.25384511164876716,0.2673846626755934,0.25631834042773244,0.21437194587967268,0.2276480015591786,0.2083600593733869,0.20322800975269933,0.20761414511551968,0.17728908613159916,0.19491541035233753,0.18024082717772846,0.1698943654758709,0.14763197721853363,0.18123202258417806,0.17209889834743736,0.1471943984130669,0.15841399184445812,0.13980431911225508,0.14773045603029247,0.12432995715994441,0.12180337822684387,0.09780827673257833,0.08762774374491274,0.11853695479002084,0.0868532331283178,0.08155373031761387,0.07674305841897353,0.11419499324797215,0.06758854935581392,0.08907161037668893,0.06367054032812292,0.05348747539541046,0.09440774586292804,0.09234112259525348,0.07264084538234647,0.05782453855507496,0.04027401662615039,0.051198842431644034,0.08088162027449147,0.05267311702912293,0.05240980695827499,0.05245448590466778,0.06415388286706013,0.047253680755822036,0.05705757076590086,0.020709911735980167,0.06655448910830589,0.039637229221358344,0.042737020758317285,0.052552151918902515,0.056105328039531305,0.04962369783489178,0.008807019604209067,0.04778997442250535,0.039078943653219886,0.026132371494531962,0.035337522784119765,0.052005868860534286,0.030825625606718712,0.04089852272650853,0.04737873491653301,0.044249310734491634,0.014191371254285602,0.0001437703253318115,0.00023548936746115023,0.008263412025314318]}